Description,Category
legendarynoodle,Eating Out
walmart,Groceries
fitnessworld,Gym/Fitness
cinema,Entertainment
bengongstea,Eating Out
shoppersdrugmart,Groceries
lafloreria,
decieminc,Household
uniqlocanadaposcam,Clothing/Haircuts
starbuckscoffee,Eating Out
burrardliquorstore,Entertainment
timhortons,Eating Out
brekabakerycafe,Eating Out
mcdonaldsq,Eating Out
virginplus,Rent/Bills
ubercanadaubereats,Eating Out
seymourspub,Eating Out
marketplaceiga,Groceries
lecoqfrit,Eating Out
pizzapizza,Eating Out
fitnessworldkitsilan,Gym/Fitness
vtixonlinetickets,Entertainment
mcdonaldsq,Eating Out
awstore,Eating Out
ubcrecreation,Gym/Fitness
mcdonalds,Eating Out
sumiresushi,Eating Out
queenelizabeththeatr,Entertainment
cityofvanparksanb,Entertainment
romerskitsilano,Eating Out
justinsnf,Groceries
ubereats,Eating Out
siegelsbagels,Eating Out
lawinsupermarket,Groceries
pamperdourshairnail,Clothing/Haircuts
novopizzeriaandwine,Eating Out
valuevillage,Clothing/Haircuts
wickedcafebakery,Eating Out
mcdonalds,Eating Out
steampurchases,Entertainment
amznmktpcahmlvf,Household
tonkhaothaicuisine,Eating Out
schnitzelz,Eating Out
burgoopointgrey,Eating Out
riotlnynymseg,Entertainment
flywireblksheepadvspt,Entertainment
londondrugs,Household
almaguitarshop,Music/Band
caffeartigiano,Eating Out
subway,Eating Out
sqearlsrobsonstree,Eating Out
myhomecuisine,Eating Out
catorocafe,Entertainment
churchschicken,Eating Out
spcatoropets,Eating Out
amazoncaprimemember,Entertainment
bostonpizza,Eating Out
thecornerkitchen,Eating Out
whitespot,Eating Out
suzuyajapanesemarket,Groceries
sqblazegourmetburg,Eating Out
thirstyyyubc,Eating Out
squbcanimeclub,Entertainment
legendarynoodle,Eating Out
bengongstea,Eating Out
shoppersdrugmart,Groceries
lafloreria,Other
decieminc,Household
uniqlocanadaposcam,Clothing/Haircuts
starbuckscoffee,Eating Out
burrardliquorstore,Entertainment
timhortons,Eating Out
brekabakerycafe,Eating Out
mcdonaldsq,Eating Out
virginplus,Rent/Bills
ubercanadaubereats,Eating Out
seymourspub,Eating Out
marketplaceiga,Groceries
lecoqfrit,Eating Out
pizzapizza,Eating Out
fitnessworldkitsilan,Gym/Fitness
vtixonlinetickets,Entertainment
awstore,Eating Out
ubcrecreation,Gym/Fitness
mcdonalds,Eating Out
sumiresushi,Eating Out
queenelizabeththeatr,Eating Out
cityofvanparksanb,Entertainment
romerskitsilano,Eating Out
justinsnf,Groceries
thedelly,Eating Out
akbarsowndininglou,Eating Out
linrestaurant,Eating Out
aw,Eating Out
sqobanhmivancouver,Eating Out
bodyenergyclubkits,Gym/Fitness
amznmktpcahgmyu,Other
bodyenergyclub,Gym/Fitness
pandorasboxrehearsa,Music/Band
libertybakery,Eating Out
uppercase,Other
freshslicepizza,Eating Out
,Rent/Bills
grocerycheckout,Groceries
blazehairsalon,Clothing/Haircuts
coinamatic,Household
steamgamescomh,Entertainment
izumiyajapanesemark,Groceries
osaka,Groceries
greensmarket,Groceries
fiveguys,Eating Out
ubcbookstore,Other
harvest,Eating Out
kokorotokyomazesoba,Eating Out
seoulhotdog,Eating Out
dennysvancouv,Eating Out
yungshangricenoodle,Eating Out
sqtapbarrelshipy,Eating Out
bentosushiubc,Eating Out
amznmktpcajjoox,Other
vancouverdentalgroup,Other
donairtown,Eating Out
